State,Action,Q-value
1,-1,-1362.7523452934993
1,1,-1362.3602240939067
1,0,-1362.7742551262882
-1,0,-1364.9230856093527
-1,-1,-1364.6545402265751
-1,1,-1364.8017513660866
