State,Action,Q-value
1,1,-1347.0793264560432
1,-1,-1348.4005769431058
1,0,-1348.6058791101864
-1,1,-1344.2615751374155
-1,0,-1344.2197103671012
-1,-1,-1343.9933508905776
