State,Action,Q-value
-1,1,-1347.3559354408374
-1,0,-1347.3240772525612
-1,-1,-1347.268419774107
1,0,-1348.2837531463178
1,-1,-1348.3940976214046
1,1,-1347.8308474062196
