State,Action,Q-value
1,0,-1358.5566562778884
1,1,-1356.71592746261
1,-1,-1358.5517847964109
-1,0,-1361.4148221743903
-1,1,-1361.238635646064
-1,-1,-1361.1758422466858
