State,Action,Q-value
-1,0,-1346.8243483965364
-1,1,-1346.8552400212532
-1,-1,-1346.6193096904283
1,1,-1346.1488321147356
1,0,-1346.9561726728912
1,-1,-1346.7643456084534
