State,Action,Q-value
1,0,-1358.3808354583177
1,-1,-1360.5462354390513
1,1,-1348.5083238892466
-1,1,-1344.3821585414828
-1,0,-1344.3973868841222
-1,-1,-1344.1679507970423
